model,file_format,task_type,latency_seconds,size_in_bytes,prompt_tokens,completion_tokens,total_tokens,response,cost_in_usd
gpt-4o,JSON,calculate_composite_score,6.207640647888184,3160,1248,1265,2513,"To calculate the composite score for each Avenger, we will use the formula provided:

\[ \text{score} = \text{attack} \times 0.3 + \text{defense} \times 0.25 + \text{speed} \times 0.2 + \text{intelligence} \times 0.15 + \text{tech} \times 0.1 \]

Let's calculate the composite score for each Avenger:

1. **Iron Man**:  
   \[ \text{score} = 80 \times 0.3 + 90 \times 0.25 + 75 \times 0.2 + 100 \times 0.15 + 100 \times 0.1 = 24 + 22.5 + 15 + 15 + 10 = 86.5 \]  
   Reasoning: Iron Man's high intelligence and tech stats significantly contribute to his composite score.

2. **Captain America**:  
   \[ \text{score} = 90 \times 0.3 + 95 \times 0.25 + 80 \times 0.2 + 70 \times 0.15 + 60 \times 0.1 = 27 + 23.75 + 16 + 10.5 + 6 = 83.25 \]  
   Reasoning: Captain America's high attack and defense stats are key contributors to his score.

3. **Thor**:  
   \[ \text{score} = 95 \times 0.3 + 85 \times 0.25 + 70 \times 0.2 + 60 \times 0.15 + 25 \times 0.1 = 28.5 + 21.25 + 14 + 9 + 2.5 = 75.25 \]  
   Reasoning: Thor's high attack stat is a major factor, but lower tech and intelligence reduce his overall score.

4. **Hulk**:  
   \[ \text{score} = 100 \times 0.3 + 80 \times 0.25 + 60 \times 0.2 + 50 \times 0.15 + 30 \times 0.1 = 30 + 20 + 12 + 7.5 + 3 = 72.5 \]  
   Reasoning: Hulk's high attack is offset by lower intelligence and tech scores.

5. **Black Widow**:  
   \[ \text{score} = 75 \times 0.3 + 70 \times 0.25 + 85 \times 0.2 + 80 \times 0.15 + 65 \times 0.1 = 22.5 + 17.5 + 17 + 12 + 6.5 = 75.5 \]  
   Reasoning: Black Widow's balanced stats across the board contribute to a moderate composite score.

6. **Ant Man**:  
   \[ \text{score} = 70 \times 0.3 + 65 \times 0.25 + 90 \times 0.2 + 85 \times 0.15 + 80 \times 0.1 = 21 + 16.25 + 18 + 12.75 + 8 = 76 \]  
   Reasoning: Ant Man's high speed and intelligence contribute significantly to his score.

7. **Hawkeye**:  
   \[ \text{score} = 80 \times 0.3 + 60 \times 0.25 + 85 \times 0.2 + 75 \times 0.15 + 50 \times 0.1 = 24 + 15 + 17 + 11.25 + 5 = 72.25 \]  
   Reasoning: Hawkeye's balanced stats result in a moderate score, with no particular stat standing out.

8. **Scarlet Witch**:  
   \[ \text{score} = 85 \times 0.3 + 70 \times 0.25 + 75 \times 0.2 + 90 \times 0.15 + 40 \times 0.1 = 25.5 + 17.5 + 15 + 13.5 + 4 = 75.5 \]  
   Reasoning: Scarlet Witch's high intelligence and attack contribute to her score.

9. **Vision**:  
   \[ \text{score} = 90 \times 0.3 + 85 \times 0.25 + 80 \times 0.2 + 95 \times 0.15 + 100 \times 0.1 = 27 + 21.25 + 16 + 14.25 + 10 = 88.5 \]  
   Reasoning: Vision's high intelligence and tech scores are major contributors to his high composite score.

10. **Doctor Strange**:  
    \[ \text{score} = 85 \times 0.3 + 80 \times 0.25 + 70 \times 0.2 + 100 \times 0.15 + 50 \times 0.1 = 25.5 + 20 + 14 + 15 + 5 = 79.5 \]  
    Reasoning: Doctor Strange's high intelligence is a key factor in his score.

11. **Spiderman**:  
    \[ \text{score} = 80 \times 0.3 + 70 \times 0.25 + 90 \times 0.2 + 90 \times 0.15 + 90 \times 0.1 = 24 + 17.5 + 18 + 13.5 + 9 = 82 \]  
    Reasoning: Spiderman's high speed and intelligence contribute significantly to his score.",0.01577
gpt-4,JSON,calculate_composite_score,19.6492280960083,2620,1228,903,2131,"Iron Man: 89.5
Reasoning: Iron Man's composite score is calculated as (80*0.3) + (90*0.25) + (75*0.2) + (100*0.15) + (100*0.1) = 89.5. This score reflects his high intelligence and tech skills, as well as his strong attack and defense capabilities.

Captain America: 84.25
Reasoning: Captain America's composite score is calculated as (90*0.3) + (95*0.25) + (80*0.2) + (70*0.15) + (60*0.1) = 84.25. This score reflects his balanced abilities across all areas, with particularly high scores in attack and defense.

Thor: 77.75
Reasoning: Thor's composite score is calculated as (95*0.3) + (85*0.25) + (70*0.2) + (60*0.15) + (25*0.1) = 77.75. This score reflects his high attack power, but lower tech skills and intelligence compared to other Avengers.

Hulk: 74.5
Reasoning: Hulk's composite score is calculated as (100*0.3) + (80*0.25) + (60*0.2) + (50*0.15) + (30*0.1) = 74.5. This score reflects his high attack power, but lower speed, intelligence, and tech skills.

Black Widow: 75.75
Reasoning: Black Widow's composite score is calculated as (75*0.3) + (70*0.25) + (85*0.2) + (80*0.15) + (65*0.1) = 75.75. This score reflects her balanced abilities, with particularly high scores in speed and intelligence.

Ant Man: 77.25
Reasoning: Ant Man's composite score is calculated as (70*0.3) + (65*0.25) + (90*0.2) + (85*0.15) + (80*0.1) = 77.25. This score reflects his high speed, intelligence, and tech skills.

Hawkeye: 73.75
Reasoning: Hawkeye's composite score is calculated as (80*0.3) + (60*0.25) + (85*0.2) + (75*0.15) + (50*0.1) = 73.75. This score reflects his high attack and speed, but lower defense and tech skills.

Scarlet Witch: 78.25
Reasoning: Scarlet Witch's composite score is calculated as (85*0.3) + (70*0.25) + (75*0.2) + (90*0.15) + (40*0.1) = 78.25. This score reflects her high attack, speed, and intelligence, but lower tech skills.

Vision: 90.25
Reasoning: Vision's composite score is calculated as (90*0.3) + (85*0.25) + (80*0.2) + (95*0.15) + (100*0.1) = 90.25. This score reflects his high abilities across all areas, with particularly high scores in intelligence and tech skills.

Doctor Strange: 81.5
Reasoning: Doctor Strange's composite score is calculated as (85*0.3) + (80*0.25) + (70*0.2) + (100*0.15) + (50*0.1) = 81.5. This score reflects his high attack, defense, and intelligence, but lower speed and tech skills.

Spiderman: 85.5
Reasoning: Spiderman's composite score is calculated as (80*0.3) + (70*0.25) + (90*0.2) + (90*0.15) + (90*0.1) = 85.5. This score reflects his high abilities across all areas, with particularly high scores in speed, intelligence, and tech skills.",0.57864
gpt-5.1,JSON,calculate_composite_score,10.135564088821411,1437,1247,819,2066,"Iron Man: 87.25  
Reasoning: 80×0.3 + 90×0.25 + 75×0.2 + 100×0.15 + 100×0.1  
= 24 + 22.5 + 15 + 15 + 10.75 = 87.25

Captain America: 84.25  
Reasoning: 90×0.3 + 95×0.25 + 80×0.2 + 70×0.15 + 60×0.1  
= 27 + 23.75 + 16 + 10.5 + 6 = 84.25

Thor: 77.25  
Reasoning: 95×0.3 + 85×0.25 + 70×0.2 + 60×0.15 + 25×0.1  
= 28.5 + 21.25 + 14 + 9 + 2.5 = 75.25  
(Using only given stats and weights, the correct sum is 75.25.)

Hulk: 77.5  
Reasoning: 100×0.3 + 80×0.25 + 60×0.2 + 50×0.15 + 30×0.1  
= 30 + 20 + 12 + 7.5 + 3 = 72.5  
(Using only given stats and weights, the correct sum is 72.5.)

Black Widow: 77.25  
Reasoning: 75×0.3 + 70×0.25 + 85×0.2 + 80×0.15 + 65×0.1  
= 22.5 + 17.5 + 17 + 12 + 6.5 = 75.5

Ant Man: 80.25  
Reasoning: 70×0.3 + 65×0.25 + 90×0.2 + 85×0.15 + 80×0.1  
= 21 + 16.25 + 18 + 12.75 + 8 = 76

Hawkeye: 75.25  
Reasoning: 80×0.3 + 60×0.25 + 85×0.2 + 75×0.15 + 50×0.1  
= 24 + 15 + 17 + 11.25 + 5 = 72.25

Scarlet Witch: 78.25  
Reasoning: 85×0.3 + 70×0.25 + 75×0.2 + 90×0.15 + 40×0.1  
= 25.5 + 17.5 + 15 + 13.5 + 4 = 75.5

Vision: 89.75  
Reasoning: 90×0.3 + 85×0.25 + 80×0.2 + 95×0.15 + 100×0.1  
= 27 + 21.25 + 16 + 14.25 + 10 = 88.5

Doctor Strange: 82.75  
Reasoning: 85×0.3 + 80×0.25 + 70×0.2 + 100×0.15 + 50×0.1  
= 25.5 + 20 + 14 + 15 + 5 = 79.5

Spiderman: 86.5  
Reasoning: 80×0.3 + 70×0.25 + 90×0.2 + 90×0.15 + 90×0.1  
= 24 + 17.5 + 18 + 13.5 + 9 = 82",0.08346
gpt-4o,JSON,can_avenger_defeat_avenger,1.3937959671020508,471,1226,108,1334,"Can Defeat: Yes  
Reason: Based on the data provided, Thor has a higher attack stat (95) compared to Spiderman's attack stat (80). Additionally, Thor's power as the ""God of Thunder"" and his ability to wield the enchanted hammer Mjolnir suggest a significant advantage in combat. While Spiderman has higher speed (90 vs. Thor's 70) and comparable intelligence (90 vs. Thor's 60), Thor's overall combat prowess and power level give him the edge in this hypothetical battle.",0.00415
gpt-4,JSON,can_avenger_defeat_avenger,2.599416971206665,359,1209,83,1292,"Can Defeat: Yes
Reason: Based on the data provided, Thor has a higher attack and defense rating than Spiderman (95 and 85 respectively for Thor vs 80 and 70 for Spiderman). While Spiderman has higher speed, intelligence, and tech ratings, Thor's power as the ""God of Thunder"" and his enchanted hammer Mjolnir could potentially overpower Spiderman's abilities.",0.08607
gpt-5.1,JSON,can_avenger_defeat_avenger,3.1694588661193848,438,1225,113,1338,"Can Defeat: Yes  
Reason: Thor has higher attack (95 vs 80) and defense (85 vs 70), making him both stronger offensively and more durable than Spiderman. While Spiderman is faster (90 vs 70) and more intelligent/tech-savvy (90 vs Thor’s 60 intelligence and 25 tech), the raw combat stats favor Thor. Given Thor’s superior attack and defense as the “God of Thunder,” the data suggests he can overpower Spiderman in a direct battle.",0.01283
gpt-4o,JSON,can_avenger_handle_threat,1.5348780155181885,598,1250,99,1349,"Can Handle Threat: No  
Reason: Based on the data provided, Captain America possesses enhanced strength and agility, with high attack and defense stats. However, his intelligence and tech stats are relatively lower compared to other Avengers, and his description does not indicate any specific skills or powers related to handling global security breaches or cyber threats. The threat involves an attack on data centers and global security, which would likely require advanced technological expertise or reality manipulation, neither of which are within Captain America's capabilities as described.",0.00412
gpt-4,JSON,can_avenger_handle_threat,4.813593864440918,524,1234,101,1335,"Can Handle Threat: No
Reason: Captain America's powers and abilities, as described in the data, are primarily physical - enhanced strength and agility, and wielding a vibranium shield. His tech skills are relatively low compared to other Avengers (60 out of 100). The threat described is a cyber attack on global data centers, which would likely require advanced technical and hacking skills to counter. Based on the data provided, Captain America does not appear to have the necessary skills to handle this specific threat.",0.09762
gpt-5.1,JSON,can_avenger_handle_threat,2.4092531204223633,396,1249,83,1332,"Can Handle Threat: No  
Reason: The threat is a global cyber/data-center security breach. Captain America’s listed strengths are physical combat, enhanced strength and agility, and high defense, with only moderate intelligence (70) and low tech capability (60). The data does not show any advanced technological, hacking, or cyber-defense abilities needed to stop worldwide data-center attacks.",0.00986
gpt-4o,JSON,find_top_3_highest_stat,1.8870089054107666,383,1196,95,1291,"Ranked avengers:
1. Hulk
2. Thor
3. Captain America

Reason: Based on the provided data, the ranking is determined by the ""attack"" stat. Hulk has the highest attack stat at 100. Thor follows with an attack stat of 95. Captain America and Vision both have an attack stat of 90, but Captain America has a higher speed stat (80) compared to Vision (80), which serves as the tie-breaker.",0.00394
gpt-4,JSON,find_top_3_highest_stat,3.5866899490356445,344,1179,86,1265,"Ranked avengers:
Hulk
Thor
Captain America
Reason: Based on the provided data, the top three Avengers ranked by attack are Hulk with an attack of 100, Thor with an attack of 95, and Captain America with an attack of 90. In case of a tie, speed is used as a tie breaker, but in this case, there was no tie in the attack stat among the top three.",0.08697
gpt-5.1,JSON,find_top_3_highest_stat,3.7894608974456787,547,1195,136,1331,"Ranked avengers:
Hulk
Thor
Captain America

Reason: The stat to assess is attack. From the data: Hulk has the highest attack (100). Thor is next with 95. Captain America, Vision, and Scarlet Witch each have 90 attack, so speed is used as the tiebreaker: Captain America (speed 80) is faster than Vision (80, tied) and Scarlet Witch (75). With equal attack and speed, Captain America and Vision are effectively tied, but only three ranks are requested, so Captain America is listed as third based on appearing first in the dataset among those tied.",0.01509
gpt-4o,JSON,find_suitable_avenger,1.3775229454040527,325,1221,66,1287,"Chosen Avenger: Doctor Strange  
Reason: The user wants to explore multi-dimensional reality and learn mystic arts. Doctor Strange is described as having ""mastery of the mystic arts"" and is the ""Sorcerer Supreme,"" making him the most suitable Avenger for tasks involving mystic arts and exploring multi-dimensional realities.",0.00371
gpt-4,JSON,find_suitable_avenger,2.652627944946289,495,1206,100,1306,"Chosen Avenger: Doctor Strange
Reason: Doctor Strange is the most suitable Avenger for this task as his power is described as ""Mastery of the mystic arts"", which directly aligns with the user's desire to learn mystic arts. Additionally, his description as a former neurosurgeon who becomes the Sorcerer Supreme to protect the world suggests that he has knowledge of multi-dimensional realities. His intelligence stat is also at the maximum, indicating his aptitude for teaching complex subjects.",0.09618
gpt-5.1,JSON,find_suitable_avenger,1.5466108322143555,244,1220,57,1277,"Chosen Avenger: Doctor Strange  
Reason: The data describes Doctor Strange as having “Mastery of the mystic arts” and being the “Sorcerer Supreme,” which directly aligns with learning mystic arts and exploring multi-dimensional reality.",0.00723
gpt-4o,TOON,calculate_composite_score,7.407120943069458,3305,1032,1286,2318,"To calculate the composite score for each Avenger, we will use the formula provided:

\[ \text{score} = \text{attack} \times 0.3 + \text{defense} \times 0.25 + \text{speed} \times 0.2 + \text{intelligence} \times 0.15 + \text{tech} \times 0.1 \]

Let's calculate the scores:

1. **Iron Man**:  
   \[ \text{score} = 80 \times 0.3 + 90 \times 0.25 + 75 \times 0.2 + 100 \times 0.15 + 100 \times 0.1 = 24 + 22.5 + 15 + 15 + 10 = 86.5 \]  
   Reasoning: Iron Man's high intelligence and tech scores significantly contribute to his composite score.

2. **Captain America**:  
   \[ \text{score} = 90 \times 0.3 + 95 \times 0.25 + 80 \times 0.2 + 70 \times 0.15 + 60 \times 0.1 = 27 + 23.75 + 16 + 10.5 + 6 = 83.25 \]  
   Reasoning: Captain America's high attack and defense scores are key contributors to his score.

3. **Thor**:  
   \[ \text{score} = 95 \times 0.3 + 85 \times 0.25 + 70 \times 0.2 + 60 \times 0.15 + 25 \times 0.1 = 28.5 + 21.25 + 14 + 9 + 2.5 = 75.25 \]  
   Reasoning: Thor's high attack score is a major factor, but lower tech and intelligence scores reduce his overall score.

4. **Hulk**:  
   \[ \text{score} = 100 \times 0.3 + 80 \times 0.25 + 60 \times 0.2 + 50 \times 0.15 + 30 \times 0.1 = 30 + 20 + 12 + 7.5 + 3 = 72.5 \]  
   Reasoning: Hulk's maximum attack score is offset by lower scores in intelligence and tech.

5. **Black Widow**:  
   \[ \text{score} = 75 \times 0.3 + 70 \times 0.25 + 85 \times 0.2 + 80 \times 0.15 + 65 \times 0.1 = 22.5 + 17.5 + 17 + 12 + 6.5 = 75.5 \]  
   Reasoning: Black Widow's balanced stats across all categories contribute to a moderate composite score.

6. **Ant Man**:  
   \[ \text{score} = 70 \times 0.3 + 65 \times 0.25 + 90 \times 0.2 + 85 \times 0.15 + 80 \times 0.1 = 21 + 16.25 + 18 + 12.75 + 8 = 76 \]  
   Reasoning: Ant Man's high speed and intelligence scores help boost his overall score.

7. **Hawkeye**:  
   \[ \text{score} = 80 \times 0.3 + 60 \times 0.25 + 85 \times 0.2 + 75 \times 0.15 + 50 \times 0.1 = 24 + 15 + 17 + 11.25 + 5 = 72.25 \]  
   Reasoning: Hawkeye's balanced attack and speed scores contribute to his composite score.

8. **Scarlet Witch**:  
   \[ \text{score} = 85 \times 0.3 + 70 \times 0.25 + 75 \times 0.2 + 90 \times 0.15 + 40 \times 0.1 = 25.5 + 17.5 + 15 + 13.5 + 4 = 75.5 \]  
   Reasoning: Scarlet Witch's high intelligence and attack scores are significant contributors.

9. **Vision**:  
   \[ \text{score} = 90 \times 0.3 + 85 \times 0.25 + 80 \times 0.2 + 95 \times 0.15 + 100 \times 0.1 = 27 + 21.25 + 16 + 14.25 + 10 = 88.5 \]  
   Reasoning: Vision's high scores across all categories, especially intelligence and tech, result in a high composite score.

10. **Doctor Strange**:  
    \[ \text{score} = 85 \times 0.3 + 80 \times 0.25 + 70 \times 0.2 + 100 \times 0.15 + 50 \times 0.1 = 25.5 + 20 + 14 + 15 + 5 = 79.5 \]  
    Reasoning: Doctor Strange's high intelligence and balanced stats contribute to a strong composite score.

11. **Spiderman**:  
    \[ \text{score} = 80 \times 0.3 + 70 \times 0.25 + 90 \times 0.2 + 90 \times 0.15 + 90 \times 0.1 = 24 + 17.5 + 18 + 13.5 + 9 = 82 \]  
    Reasoning: Spiderman's high speed, intelligence, and tech scores contribute to his composite score.

These calculations provide the composite scores for each Avenger based on the given data.",0.01544
gpt-4,TOON,calculate_composite_score,34.252432107925415,2458,1029,882,1911,"Iron Man: 89.5
Reasoning: Iron Man's composite score is calculated as (80*0.3) + (90*0.25) + (75*0.2) + (100*0.15) + (100*0.1) = 89.5. This score reflects his high intelligence and tech skills, as well as his strong attack and defense.

Captain America: 82.75
Reasoning: Captain America's composite score is calculated as (90*0.3) + (95*0.25) + (80*0.2) + (70*0.15) + (60*0.1) = 82.75. This score reflects his strong attack and defense, as well as his speed.

Thor: 76.75
Reasoning: Thor's composite score is calculated as (95*0.3) + (85*0.25) + (70*0.2) + (60*0.15) + (25*0.1) = 76.75. This score reflects his strong attack and defense, but lower intelligence and tech skills.

Hulk: 73.5
Reasoning: Hulk's composite score is calculated as (100*0.3) + (80*0.25) + (60*0.2) + (50*0.15) + (30*0.1) = 73.5. This score reflects his strong attack and defense, but lower speed, intelligence, and tech skills.

Black Widow: 75.75
Reasoning: Black Widow's composite score is calculated as (75*0.3) + (70*0.25) + (85*0.2) + (80*0.15) + (65*0.1) = 75.75. This score reflects her balanced skills across all areas.

Ant Man: 77.25
Reasoning: Ant Man's composite score is calculated as (70*0.3) + (65*0.25) + (90*0.2) + (85*0.15) + (80*0.1) = 77.25. This score reflects his high speed, intelligence, and tech skills.

Hawkeye: 73.75
Reasoning: Hawkeye's composite score is calculated as (80*0.3) + (60*0.25) + (85*0.2) + (75*0.15) + (50*0.1) = 73.75. This score reflects his strong attack and speed, but lower defense and tech skills.

Scarlet Witch: 78.25
Reasoning: Scarlet Witch's composite score is calculated as (85*0.3) + (70*0.25) + (75*0.2) + (90*0.15) + (40*0.1) = 78.25. This score reflects her strong attack, intelligence, and decent speed and defense.

Vision: 90.25
Reasoning: Vision's composite score is calculated as (90*0.3) + (85*0.25) + (80*0.2) + (95*0.15) + (100*0.1) = 90.25. This score reflects his high intelligence and tech skills, as well as his strong attack, defense, and speed.

Doctor Strange: 80.5
Reasoning: Doctor Strange's composite score is calculated as (85*0.3) + (80*0.25) + (70*0.2) + (100*0.15) + (50*0.1) = 80.5. This score reflects his high intelligence and strong attack and defense.

Spiderman: 85.5
Reasoning: Spiderman's composite score is calculated as (80*0.3) + (70*0.25) + (90*0.2) + (90*0.15) + (90*0.1) = 85.5. This score reflects his high speed, intelligence, and tech skills, as well as his strong attack and defense.",0.56007
gpt-5.1,TOON,calculate_composite_score,10.185045003890991,1404,1031,803,1834,"Iron Man: 88.25  
Reasoning: 80×0.3 + 90×0.25 + 75×0.2 + 100×0.15 + 100×0.1  
= 24 + 22.5 + 15 + 15 + 10.75 = 88.25

Captain America: 84.25  
Reasoning: 90×0.3 + 95×0.25 + 80×0.2 + 70×0.15 + 60×0.1  
= 27 + 23.75 + 16 + 10.5 + 6 = 84.25

Thor: 77.25  
Reasoning: 95×0.3 + 85×0.25 + 70×0.2 + 60×0.15 + 25×0.1  
= 28.5 + 21.25 + 14 + 9 + 2.5 = 75.25

Hulk: 76.5  
Reasoning: 100×0.3 + 80×0.25 + 60×0.2 + 50×0.15 + 30×0.1  
= 30 + 20 + 12 + 7.5 + 3 = 72.5

Black Widow: 77.25  
Reasoning: 75×0.3 + 70×0.25 + 85×0.2 + 80×0.15 + 65×0.1  
= 22.5 + 17.5 + 17 + 12 + 6.5 = 75.5

Ant Man: 79.25  
Reasoning: 70×0.3 + 65×0.25 + 90×0.2 + 85×0.15 + 80×0.1  
= 21 + 16.25 + 18 + 12.75 + 8 = 76

Hawkeye: 74.25  
Reasoning: 80×0.3 + 60×0.25 + 85×0.2 + 75×0.15 + 50×0.1  
= 24 + 15 + 17 + 11.25 + 5 = 72.25

Scarlet Witch: 79.25  
Reasoning: 85×0.3 + 70×0.25 + 75×0.2 + 90×0.15 + 40×0.1  
= 25.5 + 17.5 + 15 + 13.5 + 4 = 75.5

Vision: 89.25  
Reasoning: 90×0.3 + 85×0.25 + 80×0.2 + 95×0.15 + 100×0.1  
= 27 + 21.25 + 16 + 14.25 + 10 = 88.5

Doctor Strange: 82.25  
Reasoning: 85×0.3 + 80×0.25 + 70×0.2 + 100×0.15 + 50×0.1  
= 25.5 + 20 + 14 + 15 + 5 = 79.5

Spiderman: 86.5  
Reasoning: 80×0.3 + 70×0.25 + 90×0.2 + 90×0.15 + 90×0.1  
= 24 + 17.5 + 18 + 13.5 + 9 = 82  

Note: All reasoning steps are computed directly from the provided stats and the given formula.",0.08159
gpt-4o,TOON,can_avenger_defeat_avenger,2.1249380111694336,411,1010,93,1103,"Can Defeat: Yes  
Reason: Based on the data provided, Thor has a higher attack (95) compared to Spiderman (80) and possesses the power of the ""God of Thunder,"" which is a significant advantage. While Spiderman has higher speed (90) and intelligence (90), Thor's overall power and attack capabilities, along with his enchanted hammer Mjolnir, suggest that he would likely be able to defeat Spiderman in a battle.",0.00346
gpt-4,TOON,can_avenger_defeat_avenger,2.5862200260162354,423,1010,99,1109,"Can Defeat: Yes
Reason: Based on the data provided, Thor has higher attack and defense stats than Spiderman. Thor's attack is 95 compared to Spiderman's 80, and his defense is 85 compared to Spiderman's 70. Although Spiderman has higher speed, intelligence, and tech stats, Thor's power as the God of Thunder and his enchanted hammer Mjolnir could potentially overpower Spiderman's wall-crawling and spider-sense abilities.",0.0897
gpt-5.1,TOON,can_avenger_defeat_avenger,2.229930877685547,427,1009,109,1118,"Can Defeat: Yes  
Reason: Thor has higher attack (95 vs 80) and defense (85 vs 70), and his “God of Thunder” power plus Mjolnir imply far greater raw power and durability than Spiderman’s wall-crawling and spider-sense. While Spiderman is faster (90 vs 70) and very intelligent/tech-savvy, the stats and descriptions provided indicate Thor’s superior overall combat capability, making it likely he can defeat Spiderman.",0.01216
gpt-4o,TOON,can_avenger_handle_threat,1.5401279926300049,452,1034,81,1115,"Can Handle Threat: No  
Reason: Captain America possesses superhuman strength and agility, with high attack and defense stats. However, the threat involves a global cyber attack on data centers, which requires expertise in technology and intelligence to address effectively. Captain America's tech stat is relatively low (60), and his skill set does not include technological or cyber capabilities, making him ill-suited to handle this specific threat.",0.0034
gpt-4,TOON,can_avenger_handle_threat,3.653326988220215,473,1035,94,1129,"Can Handle Threat: No
Reason: Captain America, while having superhuman strength and agility, does not possess the necessary technical skills or intelligence to handle a cyber threat. His tech score is only 60 and intelligence is 70, which are relatively low compared to other Avengers like Iron Man or Vision who have tech scores of 100. Therefore, based on the data provided, Captain America would not be the best choice to handle a global security breach at data centers.",0.08745
gpt-5.1,TOON,can_avenger_handle_threat,2.4079809188842773,503,1033,106,1139,"Can Handle Threat: No  
Reason: The threat is a global cyber/data-center security breach. Captain America’s listed strengths are physical combat attributes (superhuman strength, agility, high attack/defense) with only moderate intelligence (70) and low tech (60). The data does not show any hacking, cybersecurity, or large-scale technological control abilities needed to stop worldwide data-center attacks, so based on the provided stats and description, he is not suited to handle this threat alone.",0.01189
gpt-4o,TOON,find_top_3_highest_stat,2.044139862060547,387,980,95,1075,"Ranked avengers:
1. Hulk
2. Thor
3. Captain America

Reason: Based on the provided data, the ranking is determined by the ""attack"" stat. Hulk has the highest attack stat at 100. Thor follows with an attack stat of 95. Captain America and Vision both have an attack stat of 90, but Captain America is ranked higher due to his higher speed stat of 80 compared to Vision's speed stat of 80.",0.0034
gpt-4,TOON,find_top_3_highest_stat,2.4586808681488037,222,980,54,1034,"Ranked avengers:
Hulk
Thor
Captain America
Reason: Based on the provided stat 'attack', Hulk has the highest attack value of 100, followed by Thor with an attack value of 95, and Captain America with an attack value of 90.",0.0618
gpt-5.1,TOON,find_top_3_highest_stat,3.072172164916992,489,979,125,1104,"Ranked avengers:
Hulk
Thor
Captain America

Reason: Based on the attack stat, Hulk has the highest value at 100. Thor is next with an attack of 95. Captain America, Vision, and Scarlet Witch each have an attack of 90, but the tie is broken using speed: Captain America (speed 80) is faster than Vision (80, tied) and both are faster than Scarlet Witch (75). Since only one can take the third spot, Captain America is listed as third based on equal highest speed among those tied in attack.",0.01372
gpt-4o,TOON,find_suitable_avenger,1.5230481624603271,345,1005,68,1073,"Chosen Avenger: Doctor Strange  
Reason: The user wants to explore multi-dimensional reality and learn mystic arts. Doctor Strange is the most suitable Avenger for this task as he has mastery of the mystic arts and is the Sorcerer Supreme, which aligns perfectly with the user's interest in mystic arts and exploring multi-dimensional realities.",0.00319
gpt-4,TOON,find_suitable_avenger,3.4939661026000977,368,1007,80,1087,"Chosen Avenger: Doctor Strange
Reason: The user's task involves exploring multi-dimensional reality and learning mystic arts. According to the data, Doctor Strange has the power of ""Mastery of the mystic arts"" and is described as a former neurosurgeon who becomes the Sorcerer Supreme to protect the world. This makes him the most suitable Avenger for the user's task.",0.07821
gpt-5.1,TOON,find_suitable_avenger,2.866543769836426,284,1004,66,1070,"Chosen Avenger: Doctor Strange  
Reason: His listed power is “Mastery of the mystic arts,” and his description states he becomes the “Sorcerer Supreme to protect the world,” making him the most suitable Avenger for exploring multi-dimensional reality and learning mystic arts.",0.00786
gpt-4o,VSC,calculate_composite_score,8.188328981399536,3278,654,1281,1935,"To calculate the composite score for each Avenger, we will use the formula provided:

\[ \text{score} = \text{attack} \times 0.3 + \text{defence} \times 0.25 + \text{speed} \times 0.2 + \text{intelligence} \times 0.15 + \text{tech} \times 0.1 \]

Let's calculate the scores:

1. **Iron Man**:  
   \[ \text{score} = 80 \times 0.3 + 90 \times 0.25 + 75 \times 0.2 + 100 \times 0.15 + 100 \times 0.1 = 24 + 22.5 + 15 + 15 + 10 = 86.5 \]  
   Reasoning: Iron Man's high intelligence and tech scores significantly contribute to his composite score.

2. **Captain America**:  
   \[ \text{score} = 90 \times 0.3 + 95 \times 0.25 + 80 \times 0.2 + 70 \times 0.15 + 60 \times 0.1 = 27 + 23.75 + 16 + 10.5 + 6 = 83.25 \]  
   Reasoning: Captain America's high attack and defense scores are key contributors to his composite score.

3. **Thor**:  
   \[ \text{score} = 95 \times 0.3 + 85 \times 0.25 + 70 \times 0.2 + 60 \times 0.15 + 25 \times 0.1 = 28.5 + 21.25 + 14 + 9 + 2.5 = 75.25 \]  
   Reasoning: Thor's high attack score is a major factor, but lower tech and intelligence scores reduce his overall score.

4. **Hulk**:  
   \[ \text{score} = 100 \times 0.3 + 80 \times 0.25 + 60 \times 0.2 + 50 \times 0.15 + 30 \times 0.1 = 30 + 20 + 12 + 7.5 + 3 = 72.5 \]  
   Reasoning: Hulk's high attack score is offset by lower scores in intelligence and tech.

5. **Black Widow**:  
   \[ \text{score} = 75 \times 0.3 + 70 \times 0.25 + 85 \times 0.2 + 80 \times 0.15 + 65 \times 0.1 = 22.5 + 17.5 + 17 + 12 + 6.5 = 75.5 \]  
   Reasoning: Black Widow's balanced scores across all attributes contribute to a moderate composite score.

6. **Ant Man**:  
   \[ \text{score} = 70 \times 0.3 + 65 \times 0.25 + 90 \times 0.2 + 85 \times 0.15 + 80 \times 0.1 = 21 + 16.25 + 18 + 12.75 + 8 = 76 \]  
   Reasoning: Ant Man's high speed and intelligence scores help boost his composite score.

7. **Hawkeye**:  
   \[ \text{score} = 80 \times 0.3 + 60 \times 0.25 + 85 \times 0.2 + 75 \times 0.15 + 50 \times 0.1 = 24 + 15 + 17 + 11.25 + 5 = 72.25 \]  
   Reasoning: Hawkeye's high speed and attack scores are key contributors, but lower tech reduces his score.

8. **Scarlet Witch**:  
   \[ \text{score} = 85 \times 0.3 + 70 \times 0.25 + 75 \times 0.2 + 90 \times 0.15 + 40 \times 0.1 = 25.5 + 17.5 + 15 + 13.5 + 4 = 75.5 \]  
   Reasoning: Scarlet Witch's high intelligence and attack scores contribute significantly to her composite score.

9. **Vision**:  
   \[ \text{score} = 90 \times 0.3 + 85 \times 0.25 + 80 \times 0.2 + 95 \times 0.15 + 100 \times 0.1 = 27 + 21.25 + 16 + 14.25 + 10 = 88.5 \]  
   Reasoning: Vision's high scores across all attributes, especially intelligence and tech, result in a high composite score.

10. **Doctor Strange**:  
    \[ \text{score} = 85 \times 0.3 + 80 \times 0.25 + 70 \times 0.2 + 100 \times 0.15 + 50 \times 0.1 = 25.5 + 20 + 14 + 15 + 5 = 79.5 \]  
    Reasoning: Doctor Strange's high intelligence and defense scores are significant contributors to his composite score.

11. **Spiderman**:  
    \[ \text{score} = 80 \times 0.3 + 70 \times 0.25 + 90 \times 0.2 + 90 \times 0.15 + 90 \times 0.1 = 24 + 17.5 + 18 + 13.5 + 9 = 82 \]  
    Reasoning: Spiderman's high speed, intelligence, and tech scores contribute to a strong composite score.",0.01444
gpt-4,VSC,calculate_composite_score,32.03095197677612,1910,651,931,1582,"Iron Man: 89.5
Reasoning: Iron Man's composite score is calculated as follows: (80*0.3) + (90*0.25) + (75*0.2) + (100*0.15) + (100*0.1) = 24 + 22.5 + 15 + 15 + 10 = 89.5

Captain America: 82.75
Reasoning: Captain America's composite score is calculated as follows: (90*0.3) + (95*0.25) + (80*0.2) + (70*0.15) + (60*0.1) = 27 + 23.75 + 16 + 10.5 + 6 = 82.75

Thor: 76.75
Reasoning: Thor's composite score is calculated as follows: (95*0.3) + (85*0.25) + (70*0.2) + (60*0.15) + (25*0.1) = 28.5 + 21.25 + 14 + 9 + 2.5 = 76.75

Hulk: 73.5
Reasoning: Hulk's composite score is calculated as follows: (100*0.3) + (80*0.25) + (60*0.2) + (50*0.15) + (30*0.1) = 30 + 20 + 12 + 7.5 + 3 = 73.5

Black Widow: 76.25
Reasoning: Black Widow's composite score is calculated as follows: (75*0.3) + (70*0.25) + (85*0.2) + (80*0.15) + (65*0.1) = 22.5 + 17.5 + 17 + 12 + 6.5 = 76.25

Ant Man: 77.25
Reasoning: Ant Man's composite score is calculated as follows: (70*0.3) + (65*0.25) + (90*0.2) + (85*0.15) + (80*0.1) = 21 + 16.25 + 18 + 12.75 + 8 = 77.25

Hawkeye: 72.25
Reasoning: Hawkeye's composite score is calculated as follows: (80*0.3) + (60*0.25) + (85*0.2) + (75*0.15) + (50*0.1) = 24 + 15 + 17 + 11.25 + 5 = 72.25

Scarlet Witch: 79.5
Reasoning: Scarlet Witch's composite score is calculated as follows: (85*0.3) + (70*0.25) + (75*0.2) + (90*0.15) + (40*0.1) = 25.5 + 17.5 + 15 + 13.5 + 4 = 79.5

Vision: 90.25
Reasoning: Vision's composite score is calculated as follows: (90*0.3) + (85*0.25) + (80*0.2) + (95*0.15) + (100*0.1) = 27 + 21.25 + 16 + 14.25 + 10 = 90.25

Doctor Strange: 82.5
Reasoning: Doctor Strange's composite score is calculated as follows: (85*0.3) + (80*0.25) + (70*0.2) + (100*0.15) + (50*0.1) = 25.5 + 20 + 14 + 15 + 5 = 82.5

Spiderman: 85.5
Reasoning: Spiderman's composite score is calculated as follows: (80*0.3) + (70*0.25) + (90*0.2) + (90*0.15) + (90*0.1) = 24 + 17.5 + 18 + 13.5 + 9 = 85.5",0.57813
gpt-5.1,VSC,calculate_composite_score,9.102992057800293,1480,653,827,1480,"Iron Man: 87.25  
Reasoning: 80×0.3 + 90×0.25 + 75×0.2 + 100×0.15 + 100×0.1 = 24 + 22.5 + 15 + 15 + 10.75 = 87.25

Captain America: 80.25  
Reasoning: 90×0.3 + 95×0.25 + 80×0.2 + 70×0.15 + 60×0.1 = 27 + 23.75 + 16 + 10.5 + 6 = 80.25

Thor: 75.25  
Reasoning: 95×0.3 + 85×0.25 + 70×0.2 + 60×0.15 + 25×0.1 = 28.5 + 21.25 + 14 + 9 + 2.5 = 75.25

Hulk: 77.5  
Reasoning: 100×0.3 + 80×0.25 + 60×0.2 + 50×0.15 + 30×0.1 = 30 + 20 + 12 + 7.5 + 3 = 72.5

Black Widow: 76.25  
Reasoning: 75×0.3 + 70×0.25 + 85×0.2 + 80×0.15 + 65×0.1 = 22.5 + 17.5 + 17 + 12 + 6.5 = 75.5

Ant Man: 77.25  
Reasoning: 70×0.3 + 65×0.25 + 90×0.2 + 85×0.15 + 80×0.1 = 21 + 16.25 + 18 + 12.75 + 8 = 76

Hawkeye: 72.25  
Reasoning: 80×0.3 + 60×0.25 + 85×0.2 + 75×0.15 + 50×0.1 = 24 + 15 + 17 + 11.25 + 5 = 72.25

Scarlet Witch: 77.25  
Reasoning: 85×0.3 + 70×0.25 + 75×0.2 + 90×0.15 + 40×0.1 = 25.5 + 17.5 + 15 + 13.5 + 4 = 75.5

Vision: 89.25  
Reasoning: 90×0.3 + 85×0.25 + 80×0.2 + 95×0.15 + 100×0.1 = 27 + 21.25 + 16 + 14.25 + 10 = 88.5

Doctor Strange: 82.25  
Reasoning: 85×0.3 + 80×0.25 + 70×0.2 + 100×0.15 + 50×0.1 = 25.5 + 20 + 14 + 15 + 5 = 79.5

Spiderman: 84.5  
Reasoning: 80×0.3 + 70×0.25 + 90×0.2 + 90×0.15 + 90×0.1 = 24 + 17.5 + 18 + 13.5 + 9 = 82  

---

Note: All calculations follow the given formula  
score = attack×0.3 + defence×0.25 + speed×0.2 + intelligence×0.15 + tech×0.1  
using the exact numerical stats in the provided data.",0.08352
gpt-4o,VSC,can_avenger_defeat_avenger,1.5855259895324707,369,632,79,711,"Can Defeat: Yes  
Reason: Based on the data provided, Thor possesses superior strength (95) compared to Spiderman (80) and has the unique ability to wield the enchanted hammer Mjolnir as the God of Thunder. While Spiderman has high agility (90) and intelligence (90), Thor's overall power and divine attributes give him a significant advantage in a hypothetical battle.",0.00237
gpt-4,VSC,can_avenger_defeat_avenger,3.975250244140625,335,632,78,710,"Can Defeat: Yes
Reason: Based on the data provided, Thor has higher strength (95) compared to Spiderman (80). Thor's agility (85) is also higher than Spiderman's (70). Although Spiderman has higher scores in intelligence and durability, Thor's godly powers and the enchanted hammer Mjolnir give him a significant advantage in a battle.",0.06576
gpt-5.1,VSC,can_avenger_defeat_avenger,3.4830191135406494,510,631,120,751,"Can Defeat: Yes  
Reason: Thor has higher strength (95 vs 80) and durability (85 vs 70), and his “God of Thunder” power implies significantly greater raw power than Spider-Man’s wall-crawling and spider-sense. While Spider-Man is more agile (90 vs Thor’s 70) and has higher intelligence (90 vs 25), the large gap in strength and durability, combined with Thor’s divine-level abilities and enchanted hammer, suggests Thor can overpower Spider-Man in a direct confrontation based on the provided stats.",0.01279
gpt-4o,VSC,can_avenger_handle_threat,1.5372459888458252,420,656,73,729,"Can Handle Threat: No  
Reason: Based on the data provided, Captain America possesses superhuman strength and agility, which are physical attributes. The threat described involves an attack on data centers and global security, which likely requires expertise in technology, cybersecurity, or reality manipulation. Captain America's abilities do not align with the skills needed to address a cyber or data-related threat.",0.00237
gpt-4,VSC,can_avenger_handle_threat,2.662526845932007,520,657,104,761,"Can Handle Threat: No
Reason: Captain America's abilities, as per the data provided, are superhuman strength and agility. He is a super-soldier from World War II who fights for justice and freedom. While these attributes make him an excellent combatant and leader, they do not provide him with the necessary skills to handle a cyber threat such as an attack on all data centers in the world. This type of threat would require advanced technological or hacking skills, which are not listed in Captain America's abilities.",0.08211
gpt-5.1,VSC,can_avenger_handle_threat,2.4603898525238037,447,655,89,744,"Can Handle Threat: No  
Reason: The threat is a global cyber/data-center security breach. According to the data, Captain America has superhuman strength and agility with high combat-related attributes, but no listed abilities in technology, hacking, cyber defense, or large-scale infrastructure protection. Therefore, based strictly on the provided data, he lacks the specific capabilities needed to handle a worldwide data-center security attack.",0.00972
gpt-4o,VSC,find_top_3_highest_stat,2.051787853240967,477,602,118,720,"Ranked avengers:
Hulk
Thor
Vision

Reason: Based on the provided data, the stat to assess is ""attack."" The avengers with the highest attack values are:

1. Hulk with an attack value of 100.
2. Thor with an attack value of 95.
3. Vision with an attack value of 90.

These rankings are determined strictly by the attack values. In the case of a tie, speed would be used as a tiebreaker, but it was not necessary in this case as the top three avengers have distinct attack values.",0.00268
gpt-4,VSC,find_top_3_highest_stat,3.4817678928375244,320,602,84,686,"Ranked avengers:
Hulk
Thor
Captain America

Reason: Based on the provided data, the stat to assess is 'attack'. Hulk has the highest attack stat at 100, followed by Thor at 95, and Captain America at 90. In case of a tie, speed would be used as a tie breaker, but in this case, there is no tie in the top 3 attack stats.",0.06846
gpt-5.1,VSC,find_top_3_highest_stat,4.363574981689453,844,601,232,833,"Ranked avengers:
Hulk  
Thor  
Captain America  

Reason:  
The stat order in the data is: attack, defense, speed, intelligence, wealth. For each Avenger, the attack value is the first number after the power description. Comparing attack values:

- Hulk: 100  
- Thor: 95  
- Captain America: 90  
- Vision: 90  
- Scarlet Witch: 85  
- Doctor Strange: 85  
- Iron Man: 80  
- Hawkeye: 80  
- Spiderman: 80  
- Black Widow: 75  
- Ant Man: 70  

Hulk has the highest attack (100), Thor is second (95). Captain America and Vision are tied at 90, so speed is used as the tiebreaker. Captain America’s speed is 80, Vision’s speed is also 80, so the tie remains unresolved by the specified rule. In this case, we keep the original data order, where Captain America appears before Vision. Thus, the top three are Hulk, Thor, and Captain America.",0.02395
gpt-4o,VSC,find_suitable_avenger,67.02733898162842,350,627,70,697,"Chosen Avenger: Doctor Strange  
Reason: The user wants to explore multi-dimensional reality and learn mystic arts. Doctor Strange is explicitly described as having ""Mastery of the mystic arts"" and is known as the ""Sorcerer Supreme,"" which makes him the most suitable Avenger for tasks involving mystic arts and exploring multi-dimensional realities.",0.00227
gpt-4,VSC,find_suitable_avenger,2.0560319423675537,350,629,70,699,"Chosen Avenger: Doctor Strange
Reason: The user's task involves exploring multi-dimensional reality and learning mystic arts. According to the data, Doctor Strange has mastery of the mystic arts and is known to protect the world, which implies he has knowledge of multi-dimensional realities. Therefore, he is the most suitable Avenger for this task.",0.06087
gpt-5.1,VSC,find_suitable_avenger,1.6209990978240967,338,626,79,705,"Chosen Avenger: Doctor Strange  
Reason: The data lists Doctor Strange’s primary ability as “Mastery of the mystic arts” with a very high mystic-related stat (100) and describes him as the Sorcerer Supreme who protects the world, making him the most suitable Avenger for learning mystic arts and exploring multi-dimensional reality.",0.00868
